Workbook

Sheet Bonus
A1: Emp ID | B1: Name | C1: Base | D1: Pallets/hr | E1: Tier name | F1: Days worked | G1: Incidents | H1: Status | I1: Eligible | J1: Tier | K1: Raw bonus | L1: Bonus | M1: Paid? | N1: Full weeks
A2: 1101 | B2: =IFERROR(VLOOKUP(A2,HR!$A:$F,2,FALSE),0) | C2: =IFERROR(VLOOKUP(A2,HR!$A:$F,4,FALSE),0) | D2: =ROUND(AVERAGEIF(WMS!A:A,A2,WMS!D:D),0) | E2: =_xlfn.IFS(J2=3,"Gold",J2=2,"Silver",J2=1,"Bronze",J2=0,"Base") | F2: =COUNTIF(Timeclock!A:A,A2) | G2: =COUNTIF(Safety!B:B,A2) | H2: =IFERROR(VLOOKUP(A2,HR!$A:$F,6,FALSE)&"",0) | I2: =OR(AND(F2>=60,G2=0),H2="Light duty",H2="Leave") | J2: =VLOOKUP(D2,Tiers!$A$2:$C$5,2,TRUE) | K2: =C2*VLOOKUP(D2,Tiers!$A$2:$C$5,3,TRUE) | L2: =MROUND(K2,5) | M2: =IF(I2,1,0) | N2: =INT(F2/5)
A3: 1102 | B3: =IFERROR(VLOOKUP(A3,HR!$A:$F,2,FALSE),0) | C3: =IFERROR(VLOOKUP(A3,HR!$A:$F,4,FALSE),0) | D3: =ROUND(AVERAGEIF(WMS!A:A,A3,WMS!D:D),0) | E3: =_xlfn.IFS(J3=3,"Gold",J3=2,"Silver",J3=1,"Bronze",J3=0,"Base") | F3: =COUNTIF(Timeclock!A:A,A3) | G3: =COUNTIF(Safety!B:B,A3) | H3: =IFERROR(VLOOKUP(A3,HR!$A:$F,6,FALSE)&"",0) | I3: =OR(AND(F3>=60,G3=0),H3="Light duty",H3="Leave") | J3: =VLOOKUP(D3,Tiers!$A$2:$C$5,2,TRUE) | K3: =C3*VLOOKUP(D3,Tiers!$A$2:$C$5,3,TRUE) | L3: =MROUND(K3,5) | M3: =IF(I3,1,0) | N3: =INT(F3/5)
A4: 1103 | B4: =IFERROR(VLOOKUP(A4,HR!$A:$F,2,FALSE),0) | C4: =IFERROR(VLOOKUP(A4,HR!$A:$F,4,FALSE),0) | D4: =ROUND(AVERAGEIF(WMS!A:A,A4,WMS!D:D),0) | E4: =_xlfn.IFS(J4=3,"Gold",J4=2,"Silver",J4=1,"Bronze",J4=0,"Base") | F4: =COUNTIF(Timeclock!A:A,A4) | G4: =COUNTIF(Safety!B:B,A4) | H4: =IFERROR(VLOOKUP(A4,HR!$A:$F,6,FALSE)&"",0) | I4: =OR(AND(F4>=60,G4=0),H4="Light duty",H4="Leave") | J4: =VLOOKUP(D4,Tiers!$A$2:$C$5,2,TRUE) | K4: =C4*VLOOKUP(D4,Tiers!$A$2:$C$5,3,TRUE) | L4: =MROUND(K4,5) | M4: =IF(I4,1,0) | N4: =INT(F4/5)
A5: 1104 | B5: =IFERROR(VLOOKUP(A5,HR!$A:$F,2,FALSE),0) | C5: =IFERROR(VLOOKUP(A5,HR!$A:$F,4,FALSE),0) | D5: =ROUND(AVERAGEIF(WMS!A:A,A5,WMS!D:D),0) | E5: =_xlfn.IFS(J5=3,"Gold",J5=2,"Silver",J5=1,"Bronze",J5=0,"Base") | F5: =COUNTIF(Timeclock!A:A,A5) | G5: =COUNTIF(Safety!B:B,A5) | H5: =IFERROR(VLOOKUP(A5,HR!$A:$F,6,FALSE)&"",0) | I5: =OR(AND(F5>=60,G5=0),H5="Light duty",H5="Leave") | J5: =VLOOKUP(D5,Tiers!$A$2:$C$5,2,TRUE) | K5: =C5*VLOOKUP(D5,Tiers!$A$2:$C$5,3,TRUE) | L5: =MROUND(K5,5) | M5: =IF(I5,1,0) | N5: =INT(F5/5)
A6: 1147 | B6: =IFERROR(VLOOKUP(A6,HR!$A:$F,2,FALSE),0) | C6: =IFERROR(VLOOKUP(A6,HR!$A:$F,4,FALSE),0) | D6: =ROUND(AVERAGEIF(WMS!A:A,A6,WMS!D:D),0) | E6: =_xlfn.IFS(J6=3,"Gold",J6=2,"Silver",J6=1,"Bronze",J6=0,"Base") | F6: =COUNTIF(Timeclock!A:A,A6) | G6: =COUNTIF(Safety!B:B,A6) | H6: =IFERROR(VLOOKUP(A6,HR!$A:$F,6,FALSE)&"",0) | I6: =OR(AND(F6>=60,G6=0),H6="Light duty",H6="Leave") | J6: =VLOOKUP(D6,Tiers!$A$2:$C$5,2,TRUE) | K6: =C6*VLOOKUP(D6,Tiers!$A$2:$C$5,3,TRUE) | L6: =MROUND(K6,5) | M6: =IF(I6,1,0) | N6: =INT(F6/5)
A7: 1106 | B7: =IFERROR(VLOOKUP(A7,HR!$A:$F,2,FALSE),0) | C7: =IFERROR(VLOOKUP(A7,HR!$A:$F,4,FALSE),0) | D7: =ROUND(AVERAGEIF(WMS!A:A,A7,WMS!D:D),0) | E7: =_xlfn.IFS(J7=3,"Gold",J7=2,"Silver",J7=1,"Bronze",J7=0,"Base") | F7: =COUNTIF(Timeclock!A:A,A7) | G7: =COUNTIF(Safety!B:B,A7) | H7: =IFERROR(VLOOKUP(A7,HR!$A:$F,6,FALSE)&"",0) | I7: =OR(AND(F7>=60,G7=0),H7="Light duty",H7="Leave") | J7: =VLOOKUP(D7,Tiers!$A$2:$C$5,2,TRUE) | K7: =C7*VLOOKUP(D7,Tiers!$A$2:$C$5,3,TRUE) | L7: =MROUND(K7,5) | M7: =IF(I7,1,0) | N7: =INT(F7/5)
A8: 1107 | B8: =IFERROR(VLOOKUP(A8,HR!$A:$F,2,FALSE),0) | C8: =IFERROR(VLOOKUP(A8,HR!$A:$F,4,FALSE),0) | D8: =ROUND(AVERAGEIF(WMS!A:A,A8,WMS!D:D),0) | E8: =_xlfn.IFS(J8=3,"Gold",J8=2,"Silver",J8=1,"Bronze",J8=0,"Base") | F8: =COUNTIF(Timeclock!A:A,A8) | G8: =COUNTIF(Safety!B:B,A8) | H8: =IFERROR(VLOOKUP(A8,HR!$A:$F,6,FALSE)&"",0) | I8: =OR(AND(F8>=60,G8=0),H8="Light duty",H8="Leave") | J8: =VLOOKUP(D8,Tiers!$A$2:$C$5,2,TRUE) | K8: =C8*VLOOKUP(D8,Tiers!$A$2:$C$5,3,TRUE) | L8: =MROUND(K8,5) | M8: =IF(I8,1,0) | N8: =INT(F8/5)
A9: 1108 | B9: =IFERROR(VLOOKUP(A9,HR!$A:$F,2,FALSE),0) | C9: =IFERROR(VLOOKUP(A9,HR!$A:$F,4,FALSE),0) | D9: =ROUND(AVERAGEIF(WMS!A:A,A9,WMS!D:D),0) | E9: =_xlfn.IFS(J9=3,"Gold",J9=2,"Silver",J9=1,"Bronze",J9=0,"Base") | F9: =COUNTIF(Timeclock!A:A,A9) | G9: =COUNTIF(Safety!B:B,A9) | H9: =IFERROR(VLOOKUP(A9,HR!$A:$F,6,FALSE)&"",0) | I9: =OR(AND(F9>=60,G9=0),H9="Light duty",H9="Leave") | J9: =VLOOKUP(D9,Tiers!$A$2:$C$5,2,TRUE) | K9: =C9*VLOOKUP(D9,Tiers!$A$2:$C$5,3,TRUE) | L9: =MROUND(K9,5) | M9: =IF(I9,1,0) | N9: =INT(F9/5)
A10: 1109 | B10: =IFERROR(VLOOKUP(A10,HR!$A:$F,2,FALSE),0) | C10: =IFERROR(VLOOKUP(A10,HR!$A:$F,4,FALSE),0) | D10: =ROUND(AVERAGEIF(WMS!A:A,A10,WMS!D:D),0) | E10: =_xlfn.IFS(J10=3,"Gold",J10=2,"Silver",J10=1,"Bronze",J10=0,"Base") | F10: =COUNTIF(Timeclock!A:A,A10) | G10: =COUNTIF(Safety!B:B,A10) | H10: =IFERROR(VLOOKUP(A10,HR!$A:$F,6,FALSE)&"",0) | I10: =OR(AND(F10>=60,G10=0),H10="Light duty",H10="Leave") | J10: =VLOOKUP(D10,Tiers!$A$2:$C$5,2,TRUE) | K10: =C10*VLOOKUP(D10,Tiers!$A$2:$C$5,3,TRUE) | L10: =MROUND(K10,5) | M10: =IF(I10,1,0) | N10: =INT(F10/5)
A11: 1110 | B11: =IFERROR(VLOOKUP(A11,HR!$A:$F,2,FALSE),0) | C11: =IFERROR(VLOOKUP(A11,HR!$A:$F,4,FALSE),0) | D11: =ROUND(AVERAGEIF(WMS!A:A,A11,WMS!D:D),0) | E11: =_xlfn.IFS(J11=3,"Gold",J11=2,"Silver",J11=1,"Bronze",J11=0,"Base") | F11: =COUNTIF(Timeclock!A:A,A11) | G11: =COUNTIF(Safety!B:B,A11) | H11: =IFERROR(VLOOKUP(A11,HR!$A:$F,6,FALSE)&"",0) | I11: =OR(AND(F11>=60,G11=0),H11="Light duty",H11="Leave") | J11: =VLOOKUP(D11,Tiers!$A$2:$C$5,2,TRUE) | K11: =C11*VLOOKUP(D11,Tiers!$A$2:$C$5,3,TRUE) | L11: =MROUND(K11,5) | M11: =IF(I11,1,0) | N11: =INT(F11/5)
A12: 1111 | B12: =IFERROR(VLOOKUP(A12,HR!$A:$F,2,FALSE),0) | C12: =IFERROR(VLOOKUP(A12,HR!$A:$F,4,FALSE),0) | D12: =ROUND(AVERAGEIF(WMS!A:A,A12,WMS!D:D),0) | E12: =_xlfn.IFS(J12=3,"Gold",J12=2,"Silver",J12=1,"Bronze",J12=0,"Base") | F12: =COUNTIF(Timeclock!A:A,A12) | G12: =COUNTIF(Safety!B:B,A12) | H12: =IFERROR(VLOOKUP(A12,HR!$A:$F,6,FALSE)&"",0) | I12: =OR(AND(F12>=60,G12=0),H12="Light duty",H12="Leave") | J12: =VLOOKUP(D12,Tiers!$A$2:$C$5,2,TRUE) | K12: =C12*VLOOKUP(D12,Tiers!$A$2:$C$5,3,TRUE) | L12: =MROUND(K12,5) | M12: =IF(I12,1,0) | N12: =INT(F12/5)
A13: 1112 | B13: =IFERROR(VLOOKUP(A13,HR!$A:$F,2,FALSE),0) | C13: =IFERROR(VLOOKUP(A13,HR!$A:$F,4,FALSE),0) | D13: =ROUND(AVERAGEIF(WMS!A:A,A13,WMS!D:D),0) | E13: =_xlfn.IFS(J13=3,"Gold",J13=2,"Silver",J13=1,"Bronze",J13=0,"Base") | F13: =COUNTIF(Timeclock!A:A,A13) | G13: =COUNTIF(Safety!B:B,A13) | H13: =IFERROR(VLOOKUP(A13,HR!$A:$F,6,FALSE)&"",0) | I13: =OR(AND(F13>=60,G13=0),H13="Light duty",H13="Leave") | J13: =VLOOKUP(D13,Tiers!$A$2:$C$5,2,TRUE) | K13: =C13*VLOOKUP(D13,Tiers!$A$2:$C$5,3,TRUE) | L13: =MROUND(K13,5) | M13: =IF(I13,1,0) | N13: =INT(F13/5)
... A38: 1137 | B38: =IFERROR(VLOOKUP(A38,HR!$A:$F,2,FALSE),0) | C38: =IFERROR(VLOOKUP(A38,HR!$A:$F,4,FALSE),0) | D38: =ROUND(AVERAGEIF(WMS!A:A,A38,WMS!D:D),0) | E38: =_xlfn.IFS(J38=3,"Gold",J38=2,"Silver",J38=1,"Bronze",J38=0,"Base") | F38: =COUNTIF(Timeclock!A:A,A38) | G38: =COUNTIF(Safety!B:B,A38) | H38: =IFERROR(VLOOKUP(A38,HR!$A:$F,6,FALSE)&"",0) | I38: =OR(AND(F38>=60,G38=0),H38="Light duty",H38="Leave") | J38: =VLOOKUP(D38,Tiers!$A$2:$C$5,2,TRUE) | K38: =C38*VLOOKUP(D38,Tiers!$A$2:$C$5,3,TRUE) | L38: =MROUND(K38,5) | M38: =IF(I38,1,0) | N38: =INT(F38/5)
K40: Total payout | L40: {=SUM(L2:L38*M2:M38)}

Sheet Checks
A1: Ruth: what is a normal pallets/hr?
A2: Crew average (AVERAGE) | B2: =AVERAGE(WMS!D:D)
A3: Crew median (MEDIAN) | B3: =MEDIAN(WMS!D:D)
A4: Crew mode (MODE.MULT) | B4: =_xlfn.MODE.MULT(WMS!D:D)
A5: Hank: overtime
A6: Night overtime hours (SUMIF) | B6: =SUMIF(Timeclock!E:E,"Night",Timeclock!H:H)
A7: Shifts over 10 hours (COUNTIF) | B7: =COUNTIF(Timeclock!G:G,">10")
A8: Average night shift (AVERAGEIF) | B8: =AVERAGEIF(Timeclock!E:E,"Night",Timeclock!G:G)
A9: Night overtime, September (SUMIFS) | B9: =SUMIFS(Timeclock!H:H,Timeclock!E:E,"Night",Timeclock!F:F,"Sep")
A10: Night shifts over 10 hrs, September (COUNTIFS) | B10: =COUNTIFS(Timeclock!E:E,"Night",Timeclock!F:F,"Sep",Timeclock!G:G,">10")
A11: Average night shift, September (AVERAGEIFS) | B11: =AVERAGEIFS(Timeclock!G:G,Timeclock!E:E,"Night",Timeclock!F:F,"Sep")
A12: Longest night shift, September (MAXIFS) | B12: =_xlfn.MAXIFS(Timeclock!G:G,Timeclock!E:E,"Night",Timeclock!F:F,"Sep")
A13: Shortest night shift, August (MINIFS) | B13: =_xlfn.MINIFS(Timeclock!G:G,Timeclock!E:E,"Night",Timeclock!F:F,"Aug")
A14: Rounding the $412.6875 example (Bonus!K2)
A15: ROUND to cents | B15: =ROUND(Bonus!K2,2)
A16: ROUNDDOWN to dollars | B16: =ROUNDDOWN(Bonus!K2,0)
A17: MROUND to $5 | B17: =MROUND(Bonus!K2,5)
A18: Practice: ROUNDDOWN(-1.9,0) | B18: =ROUNDDOWN(-1.9,0)
A19: Practice: INT(-1.9) | B19: =INT(-1.9)
A20: Dates
A21: Quarter end | B21: 46295
A22: Payout date (WORKDAY, 10 working days) | B22: =WORKDAY(B21,10)
A23: Possible days: Tyler Brooks (NETWORKDAYS) | B23: =NETWORKDAYS(HR!E7,B21)
A24: Possible days: Kyle Banks | B24: =NETWORKDAYS(HR!E27,B21)
A25: Possible days: Lena Novak | B25: =NETWORKDAYS(HR!E28,B21)
A26: Calculated as of | B26: 46301 | C26: Typed, not =TODAY(): TODAY is volatile and changes every day.
A27: This file | B27: =CELL("filename",A1)

Sheet Timeclock
A1: Emp ID | B1: Date | C1: Clock in | D1: Clock out | E1: Crew | F1: Month | G1: Hours | H1: Overtime
A2: 1101 | B2: 46204 | C2: 0.92708333 | D2: 0.40625 | E2: Night | F2: Jul | G2: =IF(D2<C2,D2+1-C2,D2-C2)*24 | H2: =MAX(0,G2-8)
A3: 1102 | B3: 46204 | C3: 0.9375 | D3: 0.29166667 | E3: Night | F3: Jul | G3: =IF(D3<C3,D3+1-C3,D3-C3)*24 | H3: =MAX(0,G3-8)
A4: 1104 | B4: 46204 | C4: 0.91666667 | D4: 0.27083333 | E4: Night | F4: Jul | G4: =IF(D4<C4,D4+1-C4,D4-C4)*24 | H4: =MAX(0,G4-8)
A5: 1107 | B5: 46204 | C5: 0.91666667 | D5: 0.25 | E5: Night | F5: Jul | G5: =IF(D5<C5,D5+1-C5,D5-C5)*24 | H5: =MAX(0,G5-8)
A6: 1108 | B6: 46204 | C6: 0.91666667 | D6: 0.25 | E6: Night | F6: Jul | G6: =IF(D6<C6,D6+1-C6,D6-C6)*24 | H6: =MAX(0,G6-8)
A7: 1109 | B7: 46204 | C7: 0.91666667 | D7: 0.39583333 | E7: Night | F7: Jul | G7: =IF(D7<C7,D7+1-C7,D7-C7)*24 | H7: =MAX(0,G7-8)
A8: 1110 | B8: 46204 | C8: 0.91666667 | D8: 0.33333333 | E8: Night | F8: Jul | G8: =IF(D8<C8,D8+1-C8,D8-C8)*24 | H8: =MAX(0,G8-8)
A9: 1111 | B9: 46204 | C9: 0.92708333 | D9: 0.32291667 | E9: Night | F9: Jul | G9: =IF(D9<C9,D9+1-C9,D9-C9)*24 | H9: =MAX(0,G9-8)
A10: 1112 | B10: 46204 | C10: 0.92708333 | D10: 0.32291667 | E10: Night | F10: Jul | G10: =IF(D10<C10,D10+1-C10,D10-C10)*24 | H10: =MAX(0,G10-8)
A11: 1113 | B11: 46204 | C11: 0.92708333 | D11: 0.26041667 | E11: Night | F11: Jul | G11: =IF(D11<C11,D11+1-C11,D11-C11)*24 | H11: =MAX(0,G11-8)
A12: 1115 | B12: 46204 | C12: 0.9375 | D12: 0.41666667 | E12: Night | F12: Jul | G12: =IF(D12<C12,D12+1-C12,D12-C12)*24 | H12: =MAX(0,G12-8)
A13: 1117 | B13: 46204 | C13: 0.91666667 | D13: 0.3125 | E13: Night | F13: Jul | G13: =IF(D13<C13,D13+1-C13,D13-C13)*24 | H13: =MAX(0,G13-8)
... A3460: 1220 | B3460: 46295 | C3460: 0.27083333 | D3460: 0.625 | E3460: Day | F3460: Sep | G3460: =IF(D3460<C3460,D3460+1-C3460,D3460-C3460)*24 | H3460: =MAX(0,G3460-8)

Sheet WMS
A1: Emp ID | B1: Week of | C1: Crew | D1: Pallets/hr
A2: 1101 | B2: 46202 | C2: Night | D2: 42
A3: 1102 | B3: 46202 | C3: Night | D3: 62
A4: 1103 | B4: 46202 | C4: Night | D4: 64
A5: 1104 | B5: 46202 | C5: Night | D5: 66
A6: 1147 | B6: 46202 | C6: Night | D6: 50
A7: 1107 | B7: 46202 | C7: Night | D7: 25
A8: 1108 | B8: 46202 | C8: Night | D8: 53
A9: 1109 | B9: 46202 | C9: Night | D9: 42
A10: 1110 | B10: 46202 | C10: Night | D10: 46
A11: 1111 | B11: 46202 | C11: Night | D11: 39
A12: 1112 | B12: 46202 | C12: Night | D12: 70
A13: 1113 | B13: 46202 | C13: Night | D13: 35
... A510: 1137 | B510: 46293 | C510: Night | D510: 27

Sheet HR
A1: Emp ID | B1: Name | C1: Role | D1: Base bonus | E1: Hire date | F1: Status
A2: 1101 | B2: Dale Ostrander | C2: Forklift operator | D2: 330.15 | E2: 44805
A3: 1102 | B3: Ana Ferreira | C3: Forklift operator | D3: 330.15 | E3: 44774
A4: 1103 | B4: Curt Bessler | C4: Forklift operator | D4: 330.15 | E4: 45200
A5: 1104 | B5: Lou Tran | C5: Forklift operator | D5: 330.15 | E5: 43160
A6: 1174 | B6: Marco Reyes | C6: Forklift operator | D6: 330.15 | E6: 45139
A7: 1106 | B7: Tyler Brooks | C7: Loader | D7: 285.4 | E7: 46223
A8: 1107 | B8: Jenna Kowalski | C8: Loader | D8: 285.4 | E8: 42583 | F8: Light duty
A9: 1108 | B9: Ray Mulcahy | C9: Loader | D9: 285.4 | E9: 43525 | F9: Light duty
A10: 1109 | B10: Sofia Aguilar | C10: Receiving clerk | D10: 298.6 | E10: 42614 | F10: Leave
A11: 1110 | B11: Pete Lindgren | C11: Loader | D11: 285.4 | E11: 42278
A12: 1111 | B12: Hollis Wade | C12: Loader | D12: 285.4 | E12: 44409
A13: 1112 | B13: Mei Chen | C13: Forklift operator | D13: 330.15 | E13: 45597
A14: 1113 | B14: Grant Ruiz | C14: Loader | D14: 285.4 | E14: 43009
A15: 1114 | B15: Darnell Hayes | C15: Forklift operator | D15: 330.15 | E15: 42248
A16: 1115 | B16: Kim Sorensen | C16: Loader | D16: 285.4 | E16: 42370
A17: 1116 | B17: Luis Ortega | C17: Loader | D17: 285.4 | E17: 42095
A18: 1117 | B18: Bree Halverson | C18: Receiving clerk | D18: 298.6 | E18: 43374
A19: 1118 | B19: Sam Okonkwo | C19: Loader | D19: 285.4 | E19: 42217
A20: 1119 | B20: Nate Pierce | C20: Forklift operator | D20: 330.15 | E20: 44044
A21: 1120 | B21: Jo Whitcomb | C21: Loader | D21: 285.4 | E21: 45383
A22: 1121 | B22: Arturo Vega | C22: Loader | D22: 285.4 | E22: 45017
... A38: 1137 | B38: Paul Engstrom | C38: Day lead | D38: 474.63 | E38: 44743

Sheet Safety
A1: Date | B1: Emp ID | C1: What happened
A2: 46231 | B2: 1111 | C2: Strained back lifting a torn bag
A3: 46253 | B3: 1116 | C3: Pallet jack ran over foot; first aid only
A4: 46267 | B4: 1111 | C4: Cut hand on banding strap

Sheet Tiers
A1: Pallets/hr at least | B1: Tier | C1: Multiplier
A2: 0 | B2: 0 | C2: 1
A3: 38 | B3: 1 | C3: 1.1
A4: 44 | B4: 2 | C4: 1.25
A5: 52 | B5: 3 | C5: 1.5
